id,name,email,phone,driver_license_number,date_of_birth
1,Todd Woods,murphywendy@yahoo.com,(554)724-9055x11961,D8908968,1958-04-11
2,Alexandra Adams,batesjennifer@lee.com,977.884.1563x39201,D6869638,1996-09-07
3,Jordan Allen,moniquesanders@hotmail.com,001-000-274-2256,D1214520,1996-01-06
4,Jillian Carrillo,oshannon@taylor.com,(451)950-7701x50254,D2911537,1986-09-09
5,Tonya Davis,gardnerjason@yahoo.com,764-844-1050x016,D1524818,1992-03-23
6,James Collins,bcarlson@hotmail.com,001-399-983-8331x8630,D1596447,1955-09-19
7,Miguel Bell,vfrank@ramos.org,+1-236-248-2895x33877,D9026001,1954-03-06
8,Brian Buchanan,adrienne39@martin-johnson.biz,001-242-034-7304x687,D9706487,1994-02-20
9,Dr. Chad Liu,laurahays@yahoo.com,+1-805-281-9301,D1919382,1998-12-21
10,Adam Davis,martinbenjamin@romero.net,535-183-0177,D5208002,1966-10-09
11,Leslie Thomas,rmartin@hotmail.com,390.746.7935x84735,D4288556,1985-02-10
12,Cody Hendricks,caldwelltimothy@woods.com,001-455-279-2969x8114,D9458664,1986-06-28
13,Kevin Forbes,ngarrett@bolton.net,+1-213-201-5929x55648,D3705615,2002-05-10
14,Karen Castillo,bridgetwagner@hernandez.com,001-044-839-5698,D5211656,1991-06-12
15,Michael Ingram,churchandrew@salas.biz,5113606256,D2475736,1975-05-17
16,Larry West,michael23@hotmail.com,143-834-4448,D6563246,1984-05-12
17,Timothy Taylor,christophersingh@hill.net,+1-362-138-1877x781,D7675130,1959-10-17
18,Leslie Conrad,jennifermccarthy@gmail.com,+1-286-658-8351x313,D7563736,1965-08-19
19,Jacob Frank,kwalker@bowen.com,420.232.1811x5439,D6251395,1953-10-20
20,Emily Thomas,elizabethhoward@gmail.com,012-719-0246x445,D1730893,1970-09-28
21,Derrick Williams,donaldjohnson@johnston-bell.info,514.857.8834x716,D2201288,2000-02-03
22,Anthony Stone,simmonsnicholas@gmail.com,(983)195-0536x993,D7036774,1987-06-18
23,Carrie Richardson,smithmichael@gmail.com,001-441-184-3548x652,D5097134,1953-01-29
24,Victoria Mason,umcconnell@gmail.com,1212404442,D1974581,1996-03-30
25,Elizabeth Davis,pcallahan@cooley.info,(793)291-3064,D2582205,2004-03-28
26,James Donovan,rboyd@howell.biz,(691)171-3391x558,D9360112,1978-12-16
27,Thomas Ford,ejackson@odonnell.net,+1-798-864-0150x49761,D8635050,1993-09-07
28,Kelly Camacho,salazarsabrina@hotmail.com,(898)706-3842x996,D6350690,1976-08-06
29,Patrick Christian,solisjennifer@hotmail.com,964-527-6691x1449,D1006235,1949-11-06
30,Stephanie Lopez,justin44@yahoo.com,(165)380-8019x84874,D8735381,1962-06-13
31,Frederick Guerra,munozscott@yahoo.com,+1-621-705-3217x13391,D7953120,1990-01-24
32,Heidi Cordova,kevin98@smith.org,9774801994,D3932233,1997-10-26
33,Ralph Robertson,anthonygarcia@gmail.com,001-760-035-0632x91843,D9937451,1962-04-24
34,Stephanie White,guzmancarl@gmail.com,001-346-939-5545,D7590894,1956-09-11
35,Jessica Riddle,kennethhodges@walker.com,774-530-6213x190,D3700902,1977-02-02
36,Joseph Carrillo,richardsonemily@hotmail.com,246-038-2946x46568,D7629630,1983-07-01
37,Kevin Reeves,edwardssandra@diaz.com,322-842-9470,D3180281,1972-09-26
38,Stephanie Gutierrez,eduardo70@hamilton-hernandez.com,+1-235-881-9630x8434,D8662120,1967-10-01
39,Joel Robinson,aaronjohnson@vargas.com,760.545.2574x950,D8831088,1969-07-21
40,Melissa Steele,mariasmith@church-anderson.com,364.428.7436x518,D1601507,1989-10-07
41,Dana Davis,reyesnicole@rose-carter.com,764-108-3408x65118,D7187114,1991-08-28
42,Jeffrey Vaughn,barbaramayo@smith-reynolds.com,817-744-0124,D7036089,1987-08-07
43,Cameron Mcintyre,bryangomez@gonzalez.com,(659)204-4600x9843,D3787984,1967-03-15
44,Nancy Hodges,lauren25@yahoo.com,001-207-689-7091x1447,D1991257,1980-05-12
45,Robert Hawkins,smithalicia@lee-smith.com,352-826-4247,D8558618,1955-08-18
46,Brianna Mcdonald,jennifer49@gmail.com,702.888.8064,D4282573,1958-06-17
47,Michael Palmer,moralesgeorge@gmail.com,+1-900-800-6688,D8682225,1963-11-14
48,Dana Oconnor,carolyn53@ramirez-daugherty.com,334.582.0713,D9698904,1983-07-20
49,Mary Anderson,linda08@nguyen.com,894-515-7187x787,D6240074,1965-10-23
50,Mark Barnes,stacy73@hale.org,0002854883,D2101477,1959-10-15
51,Richard Horne,smithnathan@may-dalton.com,0405060331,D5597150,1991-04-01
52,Hannah Prince,bankschristopher@gmail.com,+1-118-601-2005x21873,D9911373,1983-11-21
53,Bryan Cameron,susan69@jones.com,015.899.2862x42405,D6086555,1956-08-05
54,Jessica Smith,zwest@wall.com,(349)034-3118x219,D4776804,1990-10-27
55,Anne Hill,courtney80@cherry.org,(910)538-0309,D6804083,1989-06-14
56,Marc Griffin,bleonard@yahoo.com,001-946-771-9444x08628,D4473440,1969-01-02
57,Allison King,jenniferlynch@gmail.com,243-565-6691,D7212000,1966-12-05
58,Tammy Shah,charlesjohnson@gmail.com,173-951-4604x548,D2838235,1984-09-14
59,Brittany Acosta,andersonjustin@horton-sanchez.com,+1-106-593-5882x201,D8753600,1997-03-27
60,Eric Lambert,davidmoore@owens.info,+1-997-704-9076,D3430281,1952-12-26
61,Caleb Edwards,carrilloevan@burke.info,(475)442-4218x8755,D5251841,1953-03-03
62,Thomas Salinas,zachary21@yahoo.com,1701186678,D8136571,1952-09-28
63,Robert Wilson,erik72@yahoo.com,794.013.9795x904,D3564873,1962-11-06
64,William Jackson,umonroe@hotmail.com,885.179.7071,D1306395,1975-06-06
65,Michael Howard,wigginstracy@paul-anderson.net,292.769.4328,D4142841,1995-06-22
66,Gabriel Price,stacy33@gmail.com,5150763546,D8278046,1999-03-11
67,Megan Turner,michael82@jordan.org,+1-714-866-0308x172,D1837624,1996-05-19
68,Lisa Lopez,jonesbrandi@mitchell-jenkins.com,001-818-529-7531x450,D8767527,1953-09-28
69,Craig Anthony,ericatucker@yahoo.com,012.485.1594,D6982160,1989-01-19
70,Charles Dennis,bbennett@cardenas.net,458.540.2667x625,D4303027,1955-01-20
71,Alexander Anderson,youngolivia@yahoo.com,114.430.6475x255,D5364125,1993-05-26
72,Olivia Williams,richardsdouglas@yahoo.com,(107)114-8217,D3834842,1963-03-29
73,Daniel Floyd,tiffanypeterson@knight.info,001-144-936-0076,D3907385,1967-12-03
74,Heather Smith,jonathan28@gmail.com,001-273-601-0335x671,D7578253,1981-06-06
75,Kelli Smith,kenterica@taylor.com,001-769-118-0737x5195,D3328172,1954-01-23
76,Krystal Duran,april92@gmail.com,001-585-953-2246x24351,D3978150,2000-12-05
77,Christina Skinner,vjohnson@boone.net,001-359-642-2019x86371,D9782098,1985-12-25
78,Lori Brooks,lcollier@murphy-miller.info,+1-400-715-3595,D2095543,1972-01-30
79,Robin Walker,taylordaniel@hotmail.com,001-607-466-9177,D2597867,1951-03-16
80,Brandon Lindsey,flowersjohn@hotmail.com,940.059.2885,D6017381,1974-01-27
81,John Rogers,kennethtucker@kennedy.biz,(598)679-4321,D4675760,1978-08-04
82,Crystal Mendoza DDS,mcclaindonna@hendrix.net,001-543-727-9832x11100,D4800959,1974-11-08
83,Jennifer Huynh,joanhubbard@gmail.com,861.681.4243x0332,D7701101,1986-06-09
84,Jessica Jones,mcdonaldrichard@hotmail.com,785-639-9757,D4574782,2002-03-19
85,Daniel Moore,tanyapollard@hotmail.com,+1-322-839-6695x3398,D3146269,1992-02-04
86,Charles Hamilton,jacquelinebeck@yahoo.com,(044)703-7042x593,D8465270,1989-12-06
87,Jessica Moss,taraclark@gmail.com,465.897.0176x19494,D5242671,1952-02-28
88,James Hines,harrisdavid@yahoo.com,001-030-252-3668x20883,D2671289,1977-06-07
89,Christina Donaldson,curtisjessica@yahoo.com,4606503250,D1940059,1997-05-26
90,Deborah Bridges,griffinmichelle@yahoo.com,(514)996-3711,D1599398,1951-09-03
91,Chase Collins,hjones@mathews-coleman.biz,(592)029-6824,D1745319,1982-07-05
92,Kayla Powell,wmay@hotmail.com,9560754276,D1423229,1993-11-21
93,Suzanne Meyers,michellemurray@carpenter.com,001-121-182-1430x63214,D1097117,1984-02-07
94,Timothy Kaufman,hallcorey@gmail.com,436-670-0998,D9886493,1976-08-19
95,Shelley Washington,tanner48@hotmail.com,148.356.1771,D2399050,1973-02-13
96,Kenneth Williams,nleblanc@hotmail.com,209.018.8316,D2095956,1962-02-09
97,Sara Estes,diazbeth@gmail.com,+1-814-323-9499x8066,D8829970,1991-10-14
98,Mr. Jerry Jones,mark32@yahoo.com,503-337-0216x3635,D8454305,1954-03-28
99,Breanna Woods,timothycarter@gmail.com,920-036-5509x246,D3508172,1997-01-30
100,Caroline Combs,nicolegilbert@kim.com,531-254-4347x87145,D3291100,1964-01-22
101,Travis Hunter,wrightjose@hotmail.com,761-119-3556,D5890295,1997-12-04
102,Tina Potter,lsimmons@watson.com,001-947-572-5968x27082,D7627422,1978-01-16
103,Kelsey Weber,michael99@madden-fuller.info,+1-137-442-6403x0094,D6679754,1962-10-12
104,Jennifer Mcguire,allisonzuniga@yahoo.com,+1-180-582-5013x963,D9437437,1958-05-21
105,Marissa Brown,william94@thompson.com,+1-248-232-4732x02753,D3271295,1966-01-11
106,Rebecca Becker,steinkevin@walsh-brown.biz,(227)989-3378x7811,D6767895,1950-10-26
107,Jonathan Robbins,alexandragonzalez@johnson.com,001-483-213-5033x5860,D6496224,1958-11-27
108,Mario Serrano,hudsonnicole@yahoo.com,+1-791-340-8738x497,D1361214,1951-10-05
109,Stephanie Perkins,epowell@hodges-higgins.info,(005)552-1348x95362,D1069336,1999-01-19
110,Patricia Cox,timothykrause@gmail.com,734-880-8466,D2169424,1970-01-07
111,Randy White,christopher65@adams.com,+1-717-314-7706x902,D6137387,1971-07-18
112,Steve Garcia,holmescrystal@gmail.com,(692)564-4168,D2092978,1963-01-31
113,Lisa Swanson,rebeccareeves@hotmail.com,+1-254-656-2339x4896,D1788517,1979-03-22
114,Toni Garcia,nguyenstephanie@yahoo.com,+1-776-228-5943x38986,D6354355,1956-06-06
115,Mark Garcia,qwade@gmail.com,(094)941-6717,D5823101,1952-07-24
116,Veronica Hoover,tina81@yahoo.com,+1-481-248-4121x2687,D4949784,1988-10-02
117,Debbie Smith,salinasmichele@park-thomas.com,800-377-3222x98008,D5776799,1951-05-03
118,Beth Thomas,cynthiahorton@hotmail.com,+1-656-081-5326x2416,D3494538,1954-05-26
119,Amy Miller,grodriguez@boyd.biz,001-959-715-4359x0997,D6028183,1975-11-02
120,Tammy Miller,roberta82@dennis-ross.org,479.826.5018,D7109844,1958-01-16
121,Michael Perez,allenian@gmail.com,001-695-783-3768x44599,D5346754,1973-09-11
122,Elizabeth Orozco,austinmegan@gmail.com,(000)112-5924x507,D4415349,1991-09-23
123,Sarah Hardy,jstrong@yahoo.com,001-784-323-7405x726,D7233639,1956-01-28
124,Michael Harrell,jennifer04@lewis.org,001-262-398-0862,D3437677,1976-03-20
125,Kristin Clark,james22@yahoo.com,312-078-1945,D5231133,1993-04-09
126,Marcus Stewart,ggordon@hotmail.com,5828583971,D7788382,1966-08-27
127,April Taylor,acole@hotmail.com,8587553239,D8913296,1977-09-18
128,Jonathan Lee,douglasjenkins@yahoo.com,254-040-9234x19027,D5834802,1976-03-23
129,Elizabeth Farmer,michaelprice@duran-hensley.com,+1-027-205-6812x5833,D5017879,1977-09-09
130,Derrick Green,hscott@smith.com,+1-609-227-3288x173,D6434387,1979-12-01
131,Stephen Garcia,ythomas@smith-smith.com,436-317-4588,D8121795,1961-11-19
132,Deanna Swanson,umartinez@gmail.com,(454)390-6216x2984,D8300272,1996-03-02
133,Jenna Young,blankenshipfaith@hotmail.com,432.781.0647x5741,D3810305,1973-09-01
134,Karen Lester,huntermatthew@armstrong-jones.info,+1-369-304-5746x17269,D9604012,1950-07-15
135,Jacqueline Simpson,stephen77@silva.com,300-394-4752x975,D6453185,1977-10-15
136,Todd Richardson,jamesjoseph@palmer-nelson.net,001-439-345-1892x93920,D7396738,1968-09-05
137,Justin Martinez,kelleyjamie@gmail.com,365-295-7037x9510,D3287236,1957-09-29
138,Kari Rogers,eric63@fowler.com,001-339-675-0373,D4483601,1998-03-17
139,Ana Velasquez DVM,wphillips@may-conley.org,466.910.6893x4530,D9601692,1982-01-28
140,Nicholas Curtis,karlawoods@gmail.com,001-080-894-8659x2033,D6918804,2001-10-09
141,David Freeman,melinda74@fitzgerald.org,(445)180-0513x807,D8388542,1951-05-31
142,Sara Ballard,marykim@hotmail.com,001-064-973-9149,D4723004,1961-02-10
143,Christina Massey,freemanmichael@yahoo.com,905.817.1874,D9454777,1983-03-09
144,Summer Hudson,mcguirevalerie@gray.com,(993)856-3445x083,D2928008,2004-04-09
145,Jesus Nichols,heatherfisher@sanchez.net,(262)585-3522x1135,D4803393,1966-07-12
146,Deborah Duran,qdowns@booth.info,001-200-483-6029x32423,D5515511,1951-03-14
147,Rachel Taylor,kelly91@hotmail.com,001-848-734-0030x269,D1692870,1979-08-06
148,Eric King,jmendoza@campbell.com,(407)834-1004,D5012627,1987-01-08
149,Jeffrey Mckay,jay43@gonzalez.com,+1-339-917-4297x9995,D8393256,1987-08-13
150,Taylor Mccormick,cortezhannah@mendez-ford.com,(434)256-4604x328,D7504415,1973-02-19
151,James Jackson,juarezstacey@yahoo.com,+1-960-243-7747x1674,D4425602,1956-07-02
152,David Underwood,ashleydavidson@johnson.com,+1-990-736-4682,D3757681,1974-09-01
153,Todd Stevens,angela39@hotmail.com,543-583-0414x25447,D8904549,2001-08-13
154,Wesley Jarvis,alexander03@mcdonald-fernandez.info,001-424-030-4299x7795,D1389438,1984-08-20
155,Greg Wright,stephenschristine@cantrell.com,6304477117,D9298631,1999-07-07
156,Dawn Spencer,teresamartinez@berry.org,+1-575-213-0802,D1764396,1967-06-10
157,Dr. John Taylor MD,hballard@yahoo.com,096.658.1250,D3028744,1954-02-28
158,Brian Cummings,henryalexander@hotmail.com,032-154-9327x868,D9684191,1992-05-20
159,Mr. Sergio Murphy,janet65@santos-harper.biz,(442)227-9188x245,D7935020,1998-08-23
160,Julia Manning DVM,byrdtimothy@thornton-kline.com,234-137-3362x672,D7927293,1955-12-23
161,Alex Maldonado,nataliewise@gutierrez-waters.com,(933)687-2125x359,D8861433,1955-01-17
162,Thomas Lopez,james84@gmail.com,(371)308-0717,D8129264,1978-12-09
163,Mrs. Nicole Carson MD,gordonvalerie@yahoo.com,596.372.9616x64514,D6336966,1995-04-09
164,Victor Mitchell,ebeck@baker.com,+1-066-192-7162,D9301669,1955-09-02
165,Rodney Washington,figueroalaurie@williams.net,374-959-8693x802,D2198882,1979-01-13
166,Michael Snyder,courtney33@nguyen-davis.com,(714)397-7758x43534,D3149103,2002-07-06
167,Samantha Jacobs,wagnerlinda@robinson.com,(447)761-8663x6384,D4380406,2000-11-27
168,Jacob Walker,jasonwright@yahoo.com,967.309.3779x645,D1258645,1965-10-19
169,Timothy Coleman,gregorydanielle@gmail.com,395.933.9261x14101,D3302332,1997-06-16
170,Kerri Mckee,xrios@howard.biz,833-309-5298,D9301007,1974-01-20
171,John Ruiz,frichardson@bishop.org,001-261-975-8170,D3052861,1990-11-16
172,Jeremy Hunt,ysanchez@berry.net,+1-719-983-5122x34035,D8732534,1993-12-09
173,Sarah Taylor,oturner@hotmail.com,658.097.2499x7316,D5758709,1961-10-24
174,Hailey Tran,marie29@wade.org,(872)616-8614x5682,D8999618,1971-07-10
175,Sarah Sparks,jennaprice@hotmail.com,001-879-740-0389x719,D5020691,2002-05-11
176,Michael Campbell,carl28@hill.org,001-438-342-2724x3893,D1121796,1981-11-02
177,Lisa Tate,ramosjennifer@thompson.com,+1-985-711-3704x6542,D4860913,1952-01-05
178,Donna Howard,grobertson@hotmail.com,+1-788-855-3185x739,D1255646,1979-02-24
179,Thomas Rodriguez,juliadavis@schultz.com,(746)687-0226x936,D6978827,1963-05-30
180,Sandra Gonzalez,dianeadams@patterson.com,907-699-8749x0997,D5440040,1969-09-24
181,Erica Bass,troyjohnson@murray.com,590-892-8864x198,D3268275,1982-02-01
182,Melanie Dougherty,linda16@thornton.org,(129)232-6020x2154,D9252489,1972-04-12
183,Timothy Perez,antonio83@sanchez.biz,001-550-491-3285x5960,D7585649,1993-04-21
184,Mikayla Smith,nlindsey@soto.com,159.704.4226,D8875061,1972-05-08
185,Jerry Roberts,kristin56@yahoo.com,+1-590-857-6405x536,D1074796,1981-12-11
186,Dawn Thompson,adam96@yahoo.com,292.279.9501,D7168059,1972-05-24
187,Kyle Johnson,anna01@wood.info,001-710-967-5017,D6820104,1951-03-27
188,Tina Cervantes,angelica30@gmail.com,001-425-654-5806x5068,D6782966,1990-04-28
189,Tiffany Bowman,denise12@yahoo.com,(959)172-5685x7059,D7232163,1970-08-30
190,William Molina,paulwagner@daniel-bailey.com,+1-915-996-5767,D9268027,1964-05-20
191,Leslie Smith,lindsaybrewer@anderson-mendoza.net,(010)155-6471x025,D2072945,1974-07-23
192,Brian Wilkins,rodneyhernandez@rojas.com,+1-496-281-7153,D5465433,1995-01-20
193,Danielle Sweeney,kristen26@garrett.info,(056)671-4815x41680,D4801455,1962-08-14
194,Jeffrey Brown,gregory27@yahoo.com,+1-982-700-7254,D1195714,2004-04-16
195,John Wilkerson,huberdonna@fisher-rodriguez.com,678-761-6025,D8860127,1962-06-14
196,Cristina Davila,brandonconrad@gmail.com,151-339-8784x29349,D6845363,1959-09-19
197,Michael Gonzalez,kimberlyhall@walker-meadows.com,067-733-8793x2300,D5009104,1972-08-18
198,Mary Herrera,dianejackson@hotmail.com,777-750-8888x12593,D9266496,1995-01-03
199,Felicia Smith,davidthompson@patterson.biz,001-220-907-4613,D5173032,1968-03-15
200,Antonio Edwards,vfrey@yahoo.com,481-167-7983,D4159322,1989-06-24
201,Lynn Morris,joshuabarnes@hotmail.com,(487)166-4958,D2183669,1955-08-08
202,Dylan Kelly,carrie95@hotmail.com,(394)325-4291,D5735307,1999-12-13
203,Dr. Susan Moody MD,gwendolyn89@navarro.com,483.365.7496,D4603789,2004-04-26
204,Sabrina Lynch,robertlynn@mclaughlin.biz,441-664-4909,D4558962,1994-02-14
205,Emma Harris,michaelhampton@salinas-torres.net,890-769-5818x5630,D4454280,1950-02-05
206,Jeffrey Meyer,jmeyer@king.com,031.714.2198x72230,D6980776,2004-02-11
207,Timothy Smith,gbrock@gmail.com,001-413-866-3439x7645,D7517240,2004-07-03
208,Sarah Rivera,sara29@ryan.info,(739)674-2893x442,D8494026,1987-03-03
209,Judy Gallegos,freemanchristine@hotmail.com,246.091.1260,D8337947,1999-10-27
210,Dylan Baker,cynthia96@hotmail.com,479-059-2031x58898,D1937662,1989-03-16
211,Alan Nelson,bgarcia@hensley.com,(023)266-1280x34456,D7836776,1983-01-03
212,Robert Meyer,murillolauren@briggs.com,985.778.8035x06291,D8888898,1972-01-16
213,Kristina Johnson,johnchavez@scott.com,856.574.7746x643,D5433047,1975-01-29
214,Larry Buchanan,connerelizabeth@yahoo.com,593.945.4390x226,D1738548,1991-01-28
215,Jennifer Moore,onelson@hotmail.com,695-683-0872x3369,D1461514,1953-10-24
216,James Wright,ymckenzie@potts-harrison.com,234.480.6732,D5477258,1998-08-18
217,Drew Miller,andersonjessica@gmail.com,694.168.8515x84393,D3467231,1996-11-14
218,Ronald Jones,stephen06@gmail.com,+1-486-959-7719x27115,D8017359,1960-08-07
219,Peter Harris,cummingsgary@hotmail.com,994.562.1799x16280,D8706141,1952-01-16
220,Trevor Kirk,carolmendoza@douglas.com,(800)810-7810,D3117683,1951-09-27
221,Brian Gallegos,muellerangela@tucker.info,(647)333-0319x88935,D8315879,1951-04-12
222,Robert Grant,wesleysnyder@gmail.com,047.201.4072,D8410073,1988-10-17
223,Karen Harvey,carol86@gmail.com,949-569-5288x95582,D8408579,1994-12-25
224,Bill Carney,michaelfloyd@henry-mills.info,+1-976-410-8832,D8182103,1969-03-06
225,Jackie Munoz,jessicahanson@yahoo.com,9570093688,D3307882,1995-04-12
226,Denise Browning,morrislaura@ray.com,216.082.3239,D4214059,1950-05-19
227,Jerome Brown,shawnreese@gmail.com,938.583.8319x92289,D8364033,1954-09-13
228,Vernon Ruiz,andrew55@hurst.org,4782181314,D3881904,1993-08-06
229,Alyssa Garza,hessbrianna@gmail.com,+1-221-804-1457x6335,D2111101,1977-08-05
230,Larry Torres,cortezstephanie@coleman.com,(164)134-4681x90390,D7999136,1976-06-05
231,Patrick Garcia,evelyn85@murray.biz,+1-628-236-1190,D7058232,2001-06-03
232,Mason Phillips,petersoncourtney@mcdowell.com,865-931-9677,D5480497,1998-08-18
233,Nicholas Phillips,carrie04@hill.info,(963)472-9051,D9100566,1971-10-17
234,Katherine Acevedo,eburgess@daugherty.com,+1-472-873-9879x22053,D6365997,1975-05-25
235,Barbara Sanders,nguyenjustin@ibarra-lewis.com,477-910-9272x599,D5382701,1970-05-22
236,Tammy Smith,cummingsaaron@yahoo.com,2444254778,D3271833,1967-11-13
237,Danielle Barrett,joseph34@hotmail.com,001-441-557-1181x88470,D3777809,1973-09-09
238,Mark Reese,natalie62@mcneil-hatfield.com,+1-055-891-8585,D9293740,1964-04-05
239,Victoria Contreras,mendezpeter@yahoo.com,1693760555,D4614954,2000-05-30
240,Rachel Peters,jaredcolon@richardson.com,329.492.9674x6061,D9088218,2000-05-30
241,Tracy Lee,adamscory@hotmail.com,4371280925,D5152985,1951-10-11
242,Christopher Morrison,ayalagary@hotmail.com,+1-740-671-5005x9640,D4563214,1979-07-08
243,Jonathon Harrington,aharrison@hotmail.com,601-379-7179x0039,D8109006,1970-02-06
244,Christopher Davis,megan38@gmail.com,148.795.8868,D6808836,1997-10-01
245,Micheal Oneal,nicholas68@hotmail.com,880.545.1879,D3428826,1951-03-27
246,Angela Jackson,monique38@hotmail.com,7889115070,D7797231,1994-07-16
247,Anthony Mcdonald,ywilliams@hotmail.com,292-309-8052,D1671544,1989-04-11
248,Kenneth Johnson,nelliott@rodriguez.biz,091-974-9089,D2248613,1988-03-21
249,Kristina Brooks,cookwilliam@hotmail.com,243.450.9742x479,D7001719,1966-08-29
250,Ms. Laurie Harrison DDS,roberta99@neal.info,001-246-515-8631x520,D6400179,1989-11-20
251,Kristina Woods,troyford@morris.com,001-016-605-1978x11920,D6381303,1986-04-26
252,Walter Serrano,mccormickallison@gmail.com,908-105-3935x3214,D9133916,1992-05-21
253,Lisa Vaughn,mfrye@blackburn.biz,001-201-589-6432x8684,D2124882,1958-06-16
254,Michael Miller,kevin71@garza.info,704.264.0927x129,D7158093,1973-07-21
255,Barbara Suarez,francisco53@todd-kim.net,(493)315-2938x951,D7510250,1993-10-17
256,Brian Jefferson Jr.,jeffreyblack@blackwell.com,+1-935-931-5458x15412,D9373701,1971-06-07
257,Rachel Turner,zfloyd@cabrera.com,789.306.5940x334,D1957041,1960-02-18
258,Vincent Strong,iclarke@rogers.biz,806.392.9975x258,D5677074,1950-03-13
259,Mrs. Andrea Odonnell,fisherjohnny@bowman-campbell.info,001-036-152-5712x62408,D3433511,1994-07-22
260,Paul Franklin,bakerallen@gomez-bond.com,547.473.2229x75138,D4938695,1958-02-13
261,Shawn Williams,ricardochan@patterson.biz,(404)545-5815x54029,D9042464,2004-03-30
262,Elizabeth Roberts,bortiz@gmail.com,001-534-089-5583,D1914076,1966-05-09
263,Steven Martinez,julie89@gmail.com,+1-059-433-5443x59873,D7758391,1956-04-02
264,Amber Brown,arnoldwilliam@santos-perry.org,001-699-747-6933x39439,D6141910,1999-02-22
265,Gary Solomon,scastaneda@andersen.biz,001-529-416-9098x5934,D2016002,1997-06-07
266,Sarah Stephens,jessicaharper@gmail.com,+1-633-091-1211x04920,D9620501,1992-11-17
267,Christopher Mason,lindsey59@lucas-gomez.com,7208201275,D8263253,1995-10-27
268,Greg Andrews,davispaul@gutierrez-caldwell.com,001-938-354-9514x6090,D7131327,2002-04-06
269,Melanie Roberts,michael16@carter.com,001-955-398-3583x987,D9544312,1961-02-02
270,Kayla Barrett,esmith@yahoo.com,428-743-3825,D9831963,1984-12-13
271,Kyle Thompson,christophervaldez@bishop-ross.com,(371)696-1123x505,D1096088,1962-10-12
272,Karen Anderson,jessegoodman@thompson.com,087.164.3939,D8638893,1969-06-28
273,Eric Vega,williamsteresa@gmail.com,392-065-3788,D3225886,1951-06-24
274,Michael Andrews,paulhopkins@yahoo.com,9389286884,D1911311,1978-09-02
275,Marcia Guzman,gvaughn@miller-cannon.com,(919)369-1148x9510,D8305107,1980-01-09
276,Kelly Thompson,edwardedwards@may.org,001-243-281-8663x6013,D8467337,1955-06-07
277,Amber Ryan,mark81@lynch.com,+1-806-454-8525x274,D5648078,1982-11-30
278,Amy Lopez,lcurry@yahoo.com,(608)751-6178,D4347742,1953-07-03
279,James Solomon,scharles@hotmail.com,(473)645-0599x5813,D3268586,1998-09-29
280,Joseph Chavez,daniel23@robertson.com,950.415.0453,D7503792,1960-02-29
281,Roberto Bates,meghan57@gmail.com,(641)752-2167,D6108696,1970-02-03
282,Keith Wright,marissaavila@hotmail.com,001-817-935-5265x6767,D3179629,1951-08-16
283,Jennifer Ward,emilybell@murphy.com,+1-503-408-7827,D3547906,1977-05-15
284,Regina Moore DDS,mauricewilliams@hernandez-allen.com,519.701.8180x524,D5236264,1968-11-10
285,Kaitlin Lewis,ferrelltracy@gmail.com,(536)245-2075x5346,D2708181,1959-07-22
286,Kayla Barrera,campbellnatasha@yahoo.com,6139860397,D5343170,1982-06-14
287,Paul Leon,sabrina11@gmail.com,790-678-4179x0186,D7856535,1978-07-20
288,Deborah Lee,zhughes@yahoo.com,001-662-415-0991,D1789300,1990-06-26
289,April Johnson,olloyd@sandoval.biz,759.128.1574x8884,D6936714,1953-02-20
290,Robert Alvarez,zachary62@hotmail.com,+1-051-256-0895,D5987885,1952-11-24
291,Kaylee Rojas,mgarcia@yahoo.com,001-381-653-2241x2537,D1054626,1964-10-14
292,Curtis Bryant,julie53@gillespie.com,001-659-955-5166,D8629747,1968-08-08
293,Karen Cross,qharrison@hotmail.com,930-179-2108x102,D7019307,1987-07-28
294,Jeanne Ramirez,martinhudson@roman.org,901.623.1412x6656,D7992301,1962-09-09
295,Daniel Welch,jacobrichardson@hotmail.com,001-843-082-5717x707,D1340911,1999-06-12
296,Katrina Dyer,brandy03@griffith.info,069-877-7163,D8123239,1978-10-09
297,Erik Simon,carsonkimberly@rivera.com,+1-718-254-5643x65200,D7694090,1998-06-01
298,David Wright,cwilson@reyes.com,001-318-023-5002x23227,D8100620,1972-11-05
299,Jerome Rodriguez,stephanie41@hotmail.com,233-938-0003,D7661497,1966-10-15
300,Jessica Lee,rebeccawheeler@hotmail.com,538-787-4829x6723,D9017917,1994-08-10
301,Brittany Williams,megan93@drake.info,(047)737-8026x6461,D9485337,1969-01-23
302,Stacey Mendoza,kdean@franklin-ryan.com,245.378.4842x528,D3155518,1996-07-01
303,Christopher Wilson,clineyvette@yahoo.com,675.924.7251,D7490137,1980-01-03
304,Michael Clark,jose60@turner-fisher.net,009-570-4641,D2634195,1998-04-15
305,Edward Ross,wbradley@donovan.com,(989)122-6204x90476,D2242068,2002-04-29
306,Samuel Young,gary67@shaw.org,510-773-3362x381,D7491326,1949-12-26
307,Melvin Williams,blane@hicks-knapp.com,(968)298-7861,D2579041,1984-09-09
308,Ryan Dawson,troy29@duran-vincent.org,(722)934-3095,D4037722,1959-08-19
309,Alicia Taylor,urhodes@yahoo.com,+1-466-618-0475x45410,D1160994,1994-02-03
310,Leslie Newman,michael70@barber.net,578.728.0152,D9092813,1983-01-15
311,Angela Carpenter,allisoncalvin@gmail.com,015.166.9795,D8941120,1995-07-14
312,Samantha Booth,robyn59@adams-reid.biz,+1-389-287-1615x109,D5581533,1955-11-29
313,Jonathan Colon,mvang@gmail.com,484.377.5171x991,D1309311,1956-06-19
314,Daniel Carlson,aaronfoster@hotmail.com,(100)751-3206,D1066668,1953-02-17
315,Chloe Chavez,cvaughan@yahoo.com,432.714.5433x32124,D6048951,1961-08-10
316,Daniel Carney,gina35@hotmail.com,+1-833-010-1252,D8267306,1975-10-10
317,Brett Young,lucas92@guzman.com,(267)918-6032,D6111731,1972-08-23
318,Katherine Vance,apowell@hotmail.com,(208)789-8274,D1581928,1959-08-25
319,Kimberly Smith,owensmichelle@yahoo.com,001-648-117-5992x00605,D9009686,1953-03-08
320,Bethany Bennett,allenjenna@yahoo.com,(932)595-5482x47711,D8262134,1992-12-24
321,Amanda Kelly,rebekah08@yahoo.com,+1-965-758-4884x7607,D4537846,1990-01-24
322,Angela Brown,trogers@hotmail.com,(864)226-1578x611,D3345043,1985-04-01
323,Vicki Nguyen,judy92@gmail.com,012-798-3839x46506,D7622297,1964-04-25
324,Michael Wise,clloyd@gmail.com,468.114.1462,D2359705,1991-08-25
325,Julia Murphy,tapiakaren@hamilton.com,039-223-5506x8446,D3644371,1977-12-18
326,Meredith Mason,ernest92@lawson.com,+1-070-737-3345x8169,D6961618,1985-04-09
327,Laura Baker,steinbrian@george-wilkins.net,+1-583-671-0521x9260,D5653302,1983-07-11
328,Stanley Cox,iwatson@klein-moore.com,588.040.1074x31729,D9992729,1985-03-06
329,Andrew Gardner,ojohnson@hotmail.com,(176)201-8036x98695,D1589442,1953-08-05
330,Kevin Hudson,matthew07@hotmail.com,049-298-1379,D2120284,1967-06-02
331,Robert Ramirez,bradleyjessica@frost-martin.biz,973.612.8746x604,D7353628,1998-05-10
332,Morgan Bennett,michael76@lewis-anderson.com,001-781-949-7862x83228,D3147251,1949-09-27
333,Timothy Johnson,barkerjohn@hotmail.com,001-817-058-2191x0064,D2539146,1998-12-25
334,Mark Guerrero,nicholaschavez@hotmail.com,009-416-2363,D8878593,1995-07-02
335,Amanda Hall,daniel56@gmail.com,001-921-074-4340,D2852654,1967-11-13
336,Heather Osborne,robertthompson@owens-keller.org,+1-849-414-7324,D8289008,1977-08-17
337,Amy Johnson,christine66@yahoo.com,001-050-546-4012x9154,D8705052,1981-11-24
338,David Henderson,fscott@kirby-jones.com,160-110-6572x7242,D7292120,1978-07-26
339,Kimberly Gonzales,turnermegan@lawson-woods.com,019-907-7542x1213,D6249434,1950-03-27
340,Olivia James,yhorton@gmail.com,(227)450-7571x25147,D1927986,1984-01-21
341,Molly Lucas,htaylor@jensen.net,(079)469-6245x14251,D6440953,1985-06-30
342,Robin Parker,owenlisa@yahoo.com,(890)113-3533x319,D8775072,1988-05-30
343,Margaret Hartman,angelawilson@gmail.com,(364)201-7920x0153,D2493524,1966-03-06
344,Michael Griffin,lindagriffin@tran.net,736.299.9815,D3128597,1979-06-16
345,Michelle Jones,smithjason@gmail.com,(481)253-0109x37536,D2392646,1967-11-26
346,James Lopez,tscott@gmail.com,238.922.4893,D2885506,1973-02-02
347,Jesse Cohen,ywhite@gmail.com,001-929-508-8651x9856,D6171972,1970-02-01
348,Chad Gonzalez,adamsmiguel@yahoo.com,001-156-321-0473,D2013024,1991-08-19
349,Shari Edwards,weissjames@marshall.com,8925087649,D8362581,1962-04-30
350,Emma Gonzalez,olivia34@acevedo.net,(656)382-3192x786,D3652902,1984-08-10
351,Morgan Evans,marvincurry@graham-holloway.com,+1-952-344-8464x58168,D2847312,2001-06-14
352,Crystal Nixon,jhughes@johnson-smith.info,656.674.1866x36606,D7780586,1955-03-01
353,Jennifer Padilla,ibolton@hernandez.com,(401)041-4591,D9158142,1997-12-03
354,Ralph Calhoun,hcannon@yahoo.com,941-168-1194x33127,D1508719,1962-10-30
355,Daniel Morgan,pedwards@gmail.com,318.463.0007,D4834112,1978-11-25
356,Joseph Villa,zwilkerson@kennedy.biz,0667090133,D3700435,1964-01-17
357,Andrew Jackson,steven66@hotmail.com,(161)447-7017,D8410452,1999-05-19
358,Mary Hebert,rowlandjay@marks.com,001-069-170-8792x550,D9700941,1973-02-02
359,Bob Allen,rogerssara@adams.org,(603)798-8496,D3081179,1954-12-22
360,Bernard Powell,timothykline@maddox-hernandez.com,001-601-043-4192x8191,D6989862,1949-08-22
361,Jesse Perez,amygarcia@yahoo.com,9824316369,D5669962,2003-05-26
362,Jorge Bell,simonjonathan@gmail.com,707-858-5091x8632,D5414784,1958-05-15
363,Kevin Bowen,andreshanson@yahoo.com,208.699.6482x284,D4582587,1975-03-09
364,Larry Jennings,sara40@gmail.com,(770)557-6994x147,D6718857,1958-08-13
365,Julia Bullock,mario59@myers-payne.net,+1-968-037-8674,D1229703,1975-10-26
366,Michael Parker,lancebrown@gmail.com,001-001-753-4966x5396,D5038533,1969-09-08
367,Sean Parker,davidmahoney@gmail.com,262.859.5902x533,D4050001,2002-01-29
368,Jeffrey Vincent,wcruz@gmail.com,+1-319-901-4343x265,D8785436,1956-08-31
369,Philip Hines,fisherleonard@olson-snyder.com,1949774145,D5805943,2001-03-29
370,Daniel Alvarez,calvinhawkins@hotmail.com,(662)059-5777x7084,D7422810,1957-10-01
371,John Gonzalez,robert62@hotmail.com,(279)274-4835x9716,D4905027,1996-07-30
372,Isaac Pierce,campbellcharles@hotmail.com,494.377.2122x158,D4173320,1985-06-23
373,Kristin Carlson,gilbertsusan@yahoo.com,001-742-767-8628x0436,D5070621,1970-08-15
374,James Wilson,msanders@hotmail.com,(443)389-4807x7613,D5877030,1980-06-07
375,Jeffery Nguyen,sergioneal@richardson.com,(110)276-3485x3155,D5017138,1978-05-31
376,Holly Salas,harrispatrick@fowler.info,+1-780-530-5132x7602,D6558827,2001-06-25
377,Rebecca Bailey,iquinn@gmail.com,+1-944-988-9041x8344,D7459091,1966-11-19
378,Joseph Johnson,lopezkristin@yahoo.com,(694)403-5463,D8710870,1965-07-07
379,Diana Caldwell,edwardsashley@lee.biz,001-822-450-1567x571,D6110706,1954-03-29
380,Kayla Hill,paulperez@yahoo.com,306.384.9228,D6038527,1963-03-24
381,Sean Gonzales MD,christina65@hotmail.com,208-069-1842x39861,D9599994,1988-01-04
382,Joseph Stephenson,dilloneric@yahoo.com,001-665-157-3854x70065,D6590341,1964-07-01
383,Kevin Bruce,susan13@hotmail.com,+1-843-514-6165x615,D2766347,1959-04-23
384,Karen Hernandez,sarahstafford@yahoo.com,001-055-417-2295,D1483752,1996-08-04
385,Mark Myers,njohnson@oliver-pitts.net,971-113-0367,D7458691,2001-12-25
386,Luke Hawkins,ymonroe@humphrey-newman.org,(570)039-3110x4314,D7159860,1973-06-12
387,Joshua Holt,tiffanybeasley@yahoo.com,075.116.3269,D7679835,2003-08-30
388,Jennifer Simmons,christopher08@gmail.com,(400)535-3271,D2995931,1987-06-17
389,Michael Chavez,heatherdiaz@alvarez-clark.com,8130303265,D2541958,1983-09-29
390,Scott Martinez,danielle44@kirk-lamb.net,001-788-491-6926,D8102342,1949-09-28
391,Christopher Lawson,audrey69@davis-hampton.biz,907-213-0320,D6861667,1973-06-30
392,Ashley Holland,katrinabrown@stewart-rios.com,001-298-080-0078x406,D9325637,1996-02-09
393,Judy Chase,ugarrison@price.com,988.555.0180x053,D6363580,2003-01-07
394,Arthur Perry,laura45@graves-phillips.com,6485762128,D1011995,2002-03-21
395,Leah Adams,melinda14@ramsey-norris.net,833.508.2425x95040,D7890183,1984-09-20
396,Chad Young,wardlauren@yahoo.com,001-803-167-7846x22181,D9606247,2002-10-05
397,Jeanne Brown,davidmarquez@garza.org,001-654-274-2028x343,D8432058,1970-04-15
398,Benjamin Schroeder,gharris@hotmail.com,(493)216-4700,D7292255,1960-06-22
399,Jenna Miller,wesley03@yahoo.com,001-253-549-4694,D3535312,1952-11-10
400,Diana Young,jonathanholloway@daugherty.com,(644)426-7161x64200,D9693159,1992-11-22
401,Kayla Smith,mollyruiz@gmail.com,001-435-671-5492,D4877077,1976-11-24
402,Laurie Anderson,martinezjohn@hotmail.com,107.674.8292x2400,D3777217,1992-08-01
403,Jason Fernandez,martinezmitchell@barnes-combs.net,291.746.4601x15356,D4626726,2002-07-28
404,Nancy Prince,sarah95@pacheco.com,001-262-678-9708x571,D7593489,1974-01-30
405,Darlene Conrad,crossbryan@yahoo.com,001-969-932-4025x905,D8513108,1953-02-26
406,John Wheeler,phill@yahoo.com,8910241925,D3987054,1966-04-23
407,Laura Harris,terryteresa@yahoo.com,001-980-485-4037x3854,D8833476,1966-10-24
408,Sarah Taylor,james32@yahoo.com,(597)595-7412,D4670129,1982-07-06
409,Amanda Santiago,ymeyers@yahoo.com,001-311-520-1505,D5882323,1950-11-10
410,Dr. David Hoover,andreawilson@snyder.com,402.466.7929,D9897595,1951-05-29
411,Jared Peck,thomas90@gmail.com,703-706-0153x726,D9077037,2001-02-07
412,Cindy Barker,bookerabigail@hotmail.com,001-675-492-6399x34138,D6234977,1959-08-20
413,Alexander Mccall,xlynch@wise.com,158.793.1470x144,D9117609,1965-07-05
414,Brian Garcia,allenkevin@gmail.com,(794)308-2086x946,D7133995,1956-07-16
415,Michael Williams,christophernavarro@hotmail.com,001-148-115-1145x389,D7660527,1975-09-06
416,Tiffany Harrington,aweber@gmail.com,001-754-495-6545x09088,D4079121,1999-03-05
417,James Garcia,kaitlynchase@schroeder-marks.com,+1-221-683-8713x574,D3875618,2003-01-21
418,Lauren Garrett,brivera@scott.com,(426)727-4235,D4491388,1950-09-20
419,Mark Bryant,marysanchez@yahoo.com,0205738258,D6107642,1989-05-19
420,Kristin Lee,xwilson@yahoo.com,(197)811-7136x729,D4556455,1975-01-19
421,Cindy Obrien,maddenlisa@yahoo.com,001-596-521-0333x6618,D7785524,1956-02-19
422,Patrick White,nbennett@hotmail.com,439.227.3978x3040,D6775446,1993-09-26
423,Cody Walter,mitchelldonna@yahoo.com,581-208-1570,D2571277,1956-12-08
424,Zachary Blackwell,haynesbrian@conner.org,102.269.0995,D4958135,1991-12-11
425,Kevin Medina,stephaniebanks@thompson.com,(378)687-7732x63879,D4346588,1960-08-19
426,Amy Hernandez,scannon@yahoo.com,3711794832,D3306479,1990-02-05
427,Robert Larsen,awong@cox.org,(944)821-4713x47623,D8539968,1991-06-25
428,Julie Melendez,kcarrillo@gmail.com,(579)712-8080x220,D3602379,1954-04-27
429,Ann Decker,michael90@yahoo.com,526-569-3710x8762,D1830694,1986-02-01
430,Pamela Murphy,amy60@rogers-bowers.com,869.190.2462,D2288407,1998-07-25
431,Jason Williams,nicholsalyssa@yahoo.com,001-735-955-3975x17514,D5431605,1950-02-05
432,Allen Webb,xwilkerson@knight.net,001-382-623-8816x66537,D5103771,1997-01-17
433,Sarah Oneal,joshuahawkins@sanchez.biz,094-761-8399x79278,D9616248,1987-12-24
434,Matthew Ross,pharper@hotmail.com,+1-664-174-9907x783,D1234581,1975-10-13
435,Brandon Nelson,thomasbrandy@powell-salazar.com,936.429.2664,D6132905,1999-02-11
436,Rebecca Blake,kkelley@yahoo.com,(180)448-1014x945,D8271197,1999-06-28
437,Jose Robertson,anna55@gmail.com,001-086-104-4736x19303,D2597790,1996-04-27
438,Thomas Mitchell DDS,shannoncox@yahoo.com,(254)892-1429x3304,D3198639,1951-08-02
439,Stephen Hopkins,richard44@gomez-duran.com,6582964185,D8192396,2003-04-20
440,David Hansen,zherman@cole.com,789-587-6843,D5084765,1952-01-27
441,Joshua Durham,lryan@gmail.com,+1-580-007-5610x031,D2649718,2004-05-09
442,Roger Matthews,sarah46@bailey.com,+1-516-242-1271,D3361675,1968-10-05
443,Carrie Smith,peter15@hotmail.com,001-839-136-6090x426,D4542836,2002-08-16
444,Kyle Kerr,kathryn29@yahoo.com,498.453.4430,D6363047,1979-09-14
445,Thomas Schultz,amy77@mccullough.biz,069.551.1505,D7350044,1979-04-10
446,Frank Riddle,rodriguezcrystal@hotmail.com,122-131-8160x65003,D4001058,1965-02-10
447,Sarah Reyes,david67@gmail.com,(327)716-6505x30170,D3678071,1968-05-19
448,Katie Villarreal,rhoward@gmail.com,+1-305-484-1318x38597,D7504444,1988-09-28
449,Robert Smith,brandon37@carr-haley.com,001-495-546-4506x0787,D7055939,1975-06-30
450,Robert Gonzalez,ychung@morrison.com,(343)775-3766,D4209922,1968-11-17
451,Matthew Knapp,vgonzales@yahoo.com,716-877-3549,D9706915,1989-04-10
452,Jennifer Hall,zavalascott@wright-atkinson.info,001-576-499-4206x059,D1447916,1998-10-29
453,Juan Harris,yholland@levy.info,+1-321-308-4168x8853,D4818953,1962-02-14
454,Patrick Fowler,ricky17@hotmail.com,540-462-9092,D2252255,1961-09-09
455,David Allen,harriselizabeth@gmail.com,(741)154-6945x3150,D8807346,1978-01-30
456,Ashley Owen,syang@fleming.net,+1-089-964-8342x414,D1960848,1989-03-03
457,Mrs. Linda Gray,xscott@cardenas.com,(632)574-8924x4114,D9628805,1989-04-13
458,Veronica Yu,hahndawn@yahoo.com,001-493-204-7762x987,D2283015,1962-04-27
459,Theresa Reeves,wreid@gallegos-stevenson.net,5335810955,D4041675,1999-03-29
460,Jackie Kaufman,cindy06@yahoo.com,+1-392-685-1914x97583,D2867487,1970-02-26
461,Christina Schneider,rebeccastephens@hotmail.com,050.872.4400,D4572420,1966-05-27
462,Anita Moran MD,elizabeth10@taylor.com,(014)671-1394,D4005657,1966-04-02
463,Christopher Lewis,clifford64@miller.com,333.979.5586,D1350609,1966-05-28
464,Greg Hill,rthomas@ray.org,469.546.1273x6080,D8647720,1981-07-18
465,Kelly Long,gonzalezmichael@hotmail.com,918.422.9327,D8651084,1954-06-19
466,Kristi Rubio MD,gordonbrenda@lyons.com,+1-961-745-5696x9919,D2511070,1994-04-06
467,Ann Williams,megan68@morales.com,(624)121-5902x22298,D8267290,1973-02-20
468,Ruben Leonard,hollythompson@yahoo.com,432.248.7196,D1497364,1967-06-05
469,Michelle Gregory,cynthia89@smith-jones.biz,365.592.4825x180,D4230375,1986-09-20
470,Melissa Dunn,williamstara@yahoo.com,001-354-615-0077x6469,D3763289,1986-02-24
471,Kristie Mckay,jenkinsmichael@richardson.com,587.578.4321x60979,D3744256,2002-10-18
472,Chloe Lopez,claytonrobert@gmail.com,+1-962-877-4238x922,D8660945,1954-01-17
473,Joshua Booth,qgarner@hotmail.com,001-489-709-4142,D9543845,1988-04-11
474,Mr. Jeffery Terrell MD,zoconnell@gmail.com,7781381522,D9364913,1997-06-23
475,Yvonne Green,andreayoung@hotmail.com,001-299-636-0913x49627,D7798831,1958-05-01
476,Thomas Hansen,hsmith@flores.com,(857)350-9157,D9008372,1972-07-05
477,Timothy Camacho,cheryl25@yahoo.com,8745706066,D2467296,1950-01-28
478,David Ramirez,courtney46@wiggins.biz,(987)623-3405x29399,D7096466,2000-04-08
479,Patrick Rivera,jonathanbaxter@yahoo.com,(927)080-8207x603,D4119801,1966-12-09
480,Monica Wright,eric47@clark.org,+1-692-266-7972x392,D8644501,1968-08-17
481,Zachary Bridges,kerramanda@jordan-barnett.org,583.827.6262x729,D2227753,1989-03-23
482,Marcus Hubbard,alexissims@williams-fritz.com,2037090779,D2855932,1999-10-12
483,Angela Fuller,christie87@hudson.org,001-079-095-7062,D5816635,1969-02-03
484,Ryan Smith,cooperian@hotmail.com,439-590-9207,D9338746,1961-09-22
485,Brian Peck,samantha57@hill.com,673.096.3713x456,D7445568,1980-08-24
486,Brian Marshall,marciabailey@rosario.com,166.640.4278,D5428175,1996-12-26
487,Brittany Martinez,dsteele@yahoo.com,+1-966-008-5489x24711,D6461697,1965-09-15
488,Kristen Brown,sclements@gmail.com,383-640-9888x47340,D2274991,1996-11-09
489,Tracy Archer,robbinsluis@gmail.com,(750)713-5186x0847,D9636991,1954-04-02
490,Melissa Clark,jeffrey56@villarreal.net,(880)270-6074,D3640342,1956-04-14
491,Anthony Soto,derekmills@hotmail.com,+1-878-312-6362,D5832815,1973-02-16
492,Paul Price,hortonbonnie@yahoo.com,816-964-6783x20336,D1059914,1991-06-09
493,Scott Elliott,johnramirez@jacobson-lee.com,367.450.6868,D1568127,2001-10-13
494,Anthony Gibson,christopherfarmer@king.com,225.612.1506x77786,D3550244,1989-10-08
495,Lisa Carney,bakerjohn@yahoo.com,001-980-714-3375x2641,D4613713,1960-03-19
496,Peter Griffin,stephanie88@jones.com,389-903-9716x90465,D6144306,2000-12-24
497,Joseph Allen,clarkchristopher@yahoo.com,001-923-176-3616x085,D4584669,1999-07-29
498,Maria Wyatt,udavis@williamson-hall.com,406.339.9952x9431,D8841452,1994-04-02
499,Pamela Hale,tsolis@wood.com,(853)541-8949,D9959076,1988-10-12
500,Mark Carey,jennifer33@hotmail.com,080-989-3292,D9054772,2000-06-14
